id,label,type
Cyberwatcher,Cyberwatcher,user
Freedom123,Freedom123,user
Globalvoice,Globalvoice,user
Jane_doe,Jane_doe,user
John_doe,John_doe,user
Tech_sentinel,Tech_sentinel,user
Truth_warrior,Truth_warrior,user
cyberwatcher,cyberwatcher,user
cyberwatcher1,cyberwatcher1,user
freedom123,freedom123,user
freedom1231,freedom1231,user
freedom123123,freedom123123,user
globalvoice,globalvoice,user
globalvoice1,globalvoice1,user
jane.doe,jane.doe,user
jane_doe,jane_doe,user
jane_doe1,jane_doe1,user
jane_doe123,jane_doe123,user
jane_doe_,jane_doe_,user
jane_doe_official,jane_doe_official,user
john.doe,john.doe,user
john_doe1,john_doe1,user
john_doe123,john_doe123,user
john_doe_,john_doe_,user
john_doe_official,john_doe_official,user
justice_now,justice_now,user
realjane_doe,realjane_doe,user
realjohn_doe,realjohn_doe,user
tech_sentinel,tech_sentinel,user
truth.warrior,truth.warrior,user
truth_warrior,truth_warrior,user
GitHub,GitHub,site
Reddit,Reddit,site
WordPress,WordPress,site
YouTube,YouTube,site
Flickr,Flickr,site
SoundCloud,SoundCloud,site
Telegram,Telegram,site
Vimeo,Vimeo,site
GoodReads,GoodReads,site
Medium,Medium,site
VK,VK,site
Snapchat,Snapchat,site
